data;horario;n_da_ocorrencia;tipo_de_ocorrencia;km;trecho;sentido;tipo_de_acidente;caminhao;ilesos;levemente_feridos;moderadamente_feridos;gravemente_feridos;mortos;3
03/09/2020;08:12:47;65;ac02 - Acidente com vítima;751;BR-365/MG;Leste;Choque - Defensa metálica;1;1;1;;;;1
10/09/2020;22:32:13;267;ac03 - Acidente com vítima ilesa;706,499;BR-365/MG;Leste;Tombamento;1;1;;;;;1
12/09/2020;11:11:40;126;ac03 - Acidente com vítima ilesa;647;BR-365/MG;Leste;Colisão lateral no mesmo sentido;1;2;;;;;1
16/09/2020;04:12:49;29;ac02 - Acidente com vítima;646;BR-365/MG;Oeste;Tombamento;1;0;1;;;;1
17/09/2020;14:23:22;180;ac02 - Acidente com vítima;646;BR-365/MG;Oeste;Atropelamento - Sem Informação;1;0;;;1;;2
17/09/2020;19:45:29;278;ac02 - Acidente com vítima;627;BR-365/MG;Leste;Colisão lateral no mesmo sentido;1;1;1;;;;1
18/09/2020;10:52:00;126;ac03 - Acidente com vítima ilesa;756;BR-365/MG;Leste;Tombamento;1;1;;;;;1
21/09/2020;14:27:32;178;ac03 - Acidente com vítima ilesa;171;BR-364/GO;Leste;Saida de Pista;1;1;;;;;1
21/09/2020;14:41:16;181;ac03 - Acidente com vítima ilesa;652,5;BR-365/MG;Leste;Choque - Outros;1;1;;;;;1
28/09/2020;17:56:55;254;ac03 - Acidente com vítima ilesa;765,98;BR-365/MG;Oeste;Choque - Meio fio;1;2;;;;;1
29/09/2020;16:16:56;225;ac03 - Acidente com vítima ilesa;676,17;BR-365/MG;Oeste;Choque - Elemento de Drenagem;1;1;;;;;1
01/10/2020;08:28:47;72;ac02 - Acidente com vítima;685,2;BR-365/MG;Leste;Tombamento;1;0;;1;;;2
01/10/2020;15:50:04;183;ac02 - Acidente com vítima;682;BR-365/MG;Leste;Tombamento;1;0;;;1;;2
02/10/2020;15:50:15;247;ac03 - Acidente com vítima ilesa;704,6;BR-365/MG;Leste;Colisão Traseira;1;4;;;;;1
02/10/2020;17:44:47;288;ac03 - Acidente com vítima ilesa;647,7;BR-365/MG;Leste;Choque - Cancela de Pedagio;1;1;;;;;1
03/10/2020;06:04:12;50;ac03 - Acidente com vítima ilesa;633;BR-365/MG;Leste;Colisão lateral no mesmo sentido;1;3;;;;;1
05/10/2020;15:44:49;191;ac03 - Acidente com vítima ilesa;718;BR-365/MG;Oeste;Colisão Traseira;2;2;;;;;1
07/10/2020;13:27:13;180;ac03 - Acidente com vítima ilesa;645,6;BR-365/MG;Oeste;Colisão Traseira;2;2;;;;;1
08/10/2020;00:37:46;4;ac02 - Acidente com vítima;662;BR-365/MG;Leste;Tombamento;1;0;1;;;;1
08/10/2020;19:51:52;260;ac03 - Acidente com vítima ilesa;706;BR-365/MG;Leste;Colisão Traseira;2;1;;;;;1
11/10/2020;19:50:03;191;ac03 - Acidente com vítima ilesa;59,25;BR-364/GO;Leste;Choque - Meio fio;1;1;;;;;1
12/10/2020;20:30:49;267;ac02 - Acidente com vítima;706;BR-365/MG;Oeste;Colisão Transversal;1;2;;4;;;2
13/10/2020;14:04:18;160;ac02 - Acidente com vítima;173;BR-364/GO;Leste;Tombamento;1;0;1;;;;1
13/10/2020;19:04:39;241;ac03 - Acidente com vítima ilesa;791,5;BR-365/MG;Oeste;Atropelamento de Animal;1;1;;;;;1
17/10/2020;05:09:17;33;ac01 - Acidente com vitima fatal;687;BR-365/MG;Leste;Atropelamento - Pedestre;1;0;;;;1;3
18/10/2020;21:04:22;225;ac02 - Acidente com vítima;93,12;BR-364/GO;Oeste;Colisão Traseira;1;2;1;;;;1
19/10/2020;06:54:04;41;ac03 - Acidente com vítima ilesa;706;BR-365/MG;Oeste;Tombamento;1;1;;;;;1
20/10/2020;23:02:52;213;ac02 - Acidente com vítima;705;BR-365/MG;Leste;Colisão Traseira;2;1;1;;;;1
22/10/2020;18:41:02;244;ac02 - Acidente com vítima;16,2;BR-364/GO;Leste;Capotamento;1;0;1;;;;1
23/10/2020;00:04:06;1;ac02 - Acidente com vítima;675,2;BR-365/MG;Oeste;Capotamento;2;2;2;;;;1
27/10/2020;21:24:03;276;ac02 - Acidente com vítima;14,2;BR-364/GO;Leste;Tombamento;1;0;1;;;;1
28/10/2020;12:11:55;143;ac03 - Acidente com vítima ilesa;704;BR-365/MG;Leste;Colisão Traseira;1;6;;;;;1
29/10/2020;07:30:40;45;ac03 - Acidente com vítima ilesa;667,6;BR-365/MG;Oeste;Colisão lateral no mesmo sentido;4;4;;;;;1
31/10/2020;22:21:01;280;ac01 - Acidente com vitima fatal;637;BR-365/MG;Leste;Colisão Traseira;1;1;5;1;2;1;3
04/11/2020;18:13:47;234;ac02 - Acidente com vítima;764;BR-365/MG;Leste;Colisão Traseira;1;1;2;;;;1
06/11/2020;23:36:05;301;ac03 - Acidente com vítima ilesa;148,75;BR-364/GO;Leste;Choque - Sinalização;1;1;;;;;1
09/11/2020;20:09:29;262;ac02 - Acidente com vítima;652,3;BR-365/MG;Oeste;Colisão Traseira;1;1;;1;;;2
14/11/2020;03:48:59;27;ac02 - Acidente com vítima;796;BR-365/MG;Oeste;Colisão lateral no sentido contrário;1;1;1;;;;1
14/11/2020;14:22:25;141;ac03 - Acidente com vítima ilesa;645,6;BR-365/MG;Oeste;Colisão lateral no mesmo sentido;1;2;;;;;1
14/11/2020;19:21:08;203;ac02 - Acidente com vítima;704,35;BR-365/MG;Oeste;Colisão Traseira;1;6;;1;;;2
16/11/2020;16:36:51;227;ac03 - Acidente com vítima ilesa;93,12;BR-364/GO;Leste;Colisão Traseira;1;3;;;;;1
16/11/2020;19:55:17;282;ac03 - Acidente com vítima ilesa;697;BR-365/MG;Leste;Colisão Traseira;2;3;;;;;1
17/11/2020;19:26:46;242;ac03 - Acidente com vítima ilesa;660,8;BR-365/MG;Oeste;Atropelamento de Animal;1;1;;;;;1
19/11/2020;07:40:17;52;ac03 - Acidente com vítima ilesa;704,35;BR-365/MG;Oeste;Choque - Sinalização;1;4;;;;;1
20/11/2020;10:49:25;135;ac03 - Acidente com vítima ilesa;171;BR-364/GO;Oeste;Choque - Sinalização;1;1;;;;;1
22/11/2020;20:43:41;220;ac02 - Acidente com vítima;772,8;BR-365/MG;Oeste;Colisão Frontal;1;1;1;;;;1
25/11/2020;15:14:47;181;ac02 - Acidente com vítima;111;BR-364/GO;Oeste;Colisão lateral no sentido contrário;1;1;;1;;;2
26/11/2020;02:18:48;13;ac02 - Acidente com vítima;89;BR-364/GO;Leste;Colisão Transversal;2;3;1;;;;1
26/11/2020;16:28:56;206;ac03 - Acidente com vítima ilesa;706;BR-365/MG;Oeste;Tombamento;1;1;;;;;1
27/11/2020;14:01:53;154;ac03 - Acidente com vítima ilesa;732,78;BR-365/MG;Leste;Colisão lateral no sentido contrário;1;4;;;;;1
27/11/2020;16:59:49;198;ac03 - Acidente com vítima ilesa;709;BR-365/MG;Leste;Engavetamento;2;5;;;;;1
28/11/2020;05:30:44;32;ac03 - Acidente com vítima ilesa;154,75;BR-364/GO;Oeste;Atropelamento de Animal;1;1;;;;;1
28/11/2020;15:50:08;196;ac02 - Acidente com vítima;821;BR-365/MG;Leste;Colisão lateral no sentido contrário;1;2;1;;;;1
05/12/2020;21:37:38;275;ac02 - Acidente com vítima;630;BR-365/MG;Leste;Objeto lançado contra veículo;1;1;1;;;;1
06/12/2020;18:06:14;202;ac02 - Acidente com vítima;801;BR-365/MG;Leste;Capotamento;1;1;2;;;;1
06/12/2020;18:12:02;203;ac02 - Acidente com vítima;782,5;BR-365/MG;Leste;Capotamento;1;0;1;;;;1
07/12/2020;15:08:04;183;ac03 - Acidente com vítima ilesa;739,3;BR-365/MG;Leste;Choque - Defensa metálica;1;1;;;;;1
11/12/2020;21:42:32;264;ac02 - Acidente com vítima;684;BR-365/MG;Leste;Colisão Traseira;1;0;1;;;;1
17/12/2020;07:32:40;58;ac02 - Acidente com vítima;824;BR-365/MG;Oeste;Tombamento;1;0;1;;;;1
17/12/2020;11:14:55;141;ac03 - Acidente com vítima ilesa;706;BR-365/MG;Oeste;Colisão Traseira;1;5;;;;;1
17/12/2020;16:48:45;227;ac03 - Acidente com vítima ilesa;754;BR-365/MG;Leste;Engavetamento;1;4;;;;;1
20/12/2020;16:21:30;200;ac02 - Acidente com vítima;723;BR-365/MG;Oeste;Capotamento;1;0;1;;;;1
23/12/2020;14:21:12;215;ac03 - Acidente com vítima ilesa;130;BR-364/GO;Oeste;Colisão lateral no sentido contrário;1;3;;;;;1
27/12/2020;11:26:14;69;ac03 - Acidente com vítima ilesa;706;BR-365/MG;Oeste;Colisão Traseira;1;2;;;;;1
04/01/2021;09:40:03;85;ac02 - Acidente com vítima;813;BR-365/MG;Oeste;Engavetamento;1;4;1;;;;1
08/01/2021;12:29:29;142;ac03 - Acidente com vítima ilesa;704;BR-365/MG;Leste;Choque - Outros;1;1;;;;;1
17/01/2021;10:10:16;67;ac02 - Acidente com vítima;665,5;BR-365/MG;Oeste;Tombamento;1;0;1;;;;1
22/01/2021;18:22:46;250;ac02 - Acidente com vítima;149;BR-364/GO;Leste;Capotamento;1;0;;2;;;2
22/01/2021;18:24:40;253;ac03 - Acidente com vítima ilesa;93;BR-364/GO;Leste;Colisão Traseira;1;1;;;;;1
24/01/2021;07:26:59;43;ac02 - Acidente com vítima;704,35;BR-365/MG;Oeste;Choque - Veiculo parado na pista;2;1;2;;;;1
31/01/2021;16:55:46;170;ac02 - Acidente com vítima;772,2;BR-365/MG;Leste;Capotamento;1;0;1;;;;1
03/02/2021;00:26:23;1;ac02 - Acidente com vítima;2;BR-364/GO;Oeste;Choque - Defensa metálica;1;1;1;;;;1
03/02/2021;22:02:00;293;ac02 - Acidente com vítima;705,5;BR-365/MG;Leste;Colisão Traseira;2;1;1;;;;1
06/02/2021;10:37:53;91;ac02 - Acidente com vítima;637;BR-365/MG;Oeste;Colisão Transversal;1;2;1;1;;;2
08/02/2021;10:37:26;101;ac02 - Acidente com vítima;701;BR-365/MG;Leste;Colisão Traseira;2;2;1;1;;;2
08/02/2021;12:02:34;118;ac03 - Acidente com vítima ilesa;749,5;BR-365/MG;Oeste;Tombamento;1;1;;;;;1
12/02/2021;00:27:11;6;ac03 - Acidente com vítima ilesa;637;BR-365/MG;Leste;Colisão Traseira;1;3;;;;;1
12/02/2021;16:17:36;213;ac02 - Acidente com vítima;706;BR-365/MG;Oeste;Colisão Traseira;1;1;2;;;;1
13/02/2021;13:51:31;157;ac03 - Acidente com vítima ilesa;665;BR-365/MG;Oeste;Colisão lateral no mesmo sentido;1;3;;;;;1
18/02/2021;12:22:34;141;ac03 - Acidente com vítima ilesa;706;BR-365/MG;Leste;Colisão Traseira;1;4;;;;;1
19/02/2021;07:02:00;35;ac03 - Acidente com vítima ilesa;641;BR-365/MG;Leste;Choque - Veiculo parado no acostamento;1;3;;;;;1
19/02/2021;09:02:43;78;ac03 - Acidente com vítima ilesa;706;BR-365/MG;Oeste;Colisão Traseira;1;7;;;;;1
19/02/2021;23:10:09;327;ac02 - Acidente com vítima;637,5;BR-365/MG;Leste;Colisão Traseira;2;1;1;;;;1
20/02/2021;07:12:56;36;ac03 - Acidente com vítima ilesa;168,5;BR-364/GO;Leste;Colisão Transversal;2;3;;;;;1
22/02/2021;06:28:52;33;ac03 - Acidente com vítima ilesa;637;BR-365/MG;Oeste;Tombamento;1;1;;;;;1
22/02/2021;23:06:00;254;ac03 - Acidente com vítima ilesa;153;BR-364/GO;Leste;Tombamento;1;1;;;;;1
23/02/2021;16:18:13;255;ac02 - Acidente com vítima;89;BR-364/GO;Leste;Colisão lateral no sentido contrário;1;1;1;;;;1
23/02/2021;17:26:54;279;ac02 - Acidente com vítima;77,3;BR-364/GO;Leste;Tombamento;1;0;1;;;;1
25/02/2021;13:12:07;129;ac03 - Acidente com vítima ilesa;116;BR-364/GO;Leste;Choque - Sinalização;1;1;;;;;1
26/02/2021;18:39:53;240;ac03 - Acidente com vítima ilesa;74;BR-364/GO;Oeste;Tombamento;1;1;;;;;1
28/02/2021;00:36:44;5;ac02 - Acidente com vítima;59,25;BR-364/GO;Oeste;Colisão Traseira;2;1;;;1;;2
02/03/2021;12:06:39;162;ac03 - Acidente com vítima ilesa;670,15;BR-365/MG;Oeste;Tombamento;1;2;;;;;1
02/03/2021;21:40:00;287;ac03 - Acidente com vítima ilesa;101;BR-364/GO;Oeste;Colisão lateral no sentido contrário;1;2;;;;;1
03/03/2021;14:51:26;221;ac03 - Acidente com vítima ilesa;756;BR-365/MG;Leste;Choque - Meio fio;1;1;;;;;1
04/03/2021;09:32:44;92;ac03 - Acidente com vítima ilesa;681;BR-365/MG;Leste;Colisão Traseira;1;2;;;;;1
08/03/2021;00:51:34;2;ac01 - Acidente com vitima fatal;647,4;BR-365/MG;Leste;Choque - Veiculo parado no acostamento;1;9;2;;;1;3
12/03/2021;05:55:59;24;ac03 - Acidente com vítima ilesa;757;BR-365/MG;Oeste;Choque - Meio fio;1;1;;;;;1
12/03/2021;16:04:41;205;ac02 - Acidente com vítima;62;BR-364/GO;Leste;Colisão Traseira;1;1;;1;;;2
12/03/2021;22:54:34;330;ac03 - Acidente com vítima ilesa;653,3;BR-365/MG;Leste;Choque - Talude ou Barranco;1;2;;;;;1
14/03/2021;17:35:36;183;ac03 - Acidente com vítima ilesa;779;BR-365/MG;Oeste;Choque - Outros;1;1;;;;;1
14/03/2021;22:52:46;252;ac02 - Acidente com vítima;694,3;BR-365/MG;Leste;Colisão Traseira;2;1;1;;;;1
16/03/2021;13:38:47;180;ac03 - Acidente com vítima ilesa;637,5;BR-365/MG;Oeste;Choque - Meio fio;1;1;;;;;1
17/03/2021;00:01:50;1;ac02 - Acidente com vítima;706,6;BR-365/MG;Leste;Colisão lateral no mesmo sentido;2;0;2;;;;1
17/03/2021;09:10:51;104;ac03 - Acidente com vítima ilesa;753;BR-365/MG;Leste;Choque - Sinalização;1;1;;;;;1
17/03/2021;14:22:56;201;ac02 - Acidente com vítima;664,9;BR-365/MG;Oeste;Colisão Transversal;1;1;1;;;;1
18/03/2021;02:33:38;13;ac03 - Acidente com vítima ilesa;749;BR-365/MG;Leste;Choque - Sinalização;1;1;;;;;1
22/03/2021;11:04:51;133;ac02 - Acidente com vítima;75;BR-364/GO;Oeste;Tombamento;1;0;1;;;;1
23/03/2021;14:17:14;177;ac02 - Acidente com vítima;5;BR-364/GO;Leste;Capotamento;1;0;1;;;;1
24/03/2021;19:15:18;312;ac03 - Acidente com vítima ilesa;757;BR-365/MG;Oeste;Choque - Sinalização;1;1;;;;;1
25/03/2021;09:44:17;101;ac02 - Acidente com vítima;160,3;BR-364/GO;Leste;Colisão Traseira;2;1;1;;;;1
25/03/2021;10:20:58;118;ac02 - Acidente com vítima;89;BR-364/GO;Oeste;Colisão Transversal;1;0;2;;;;1
25/03/2021;20:21:28;320;ac02 - Acidente com vítima;628,7;BR-365/MG;Leste;Colisão Traseira;1;2;1;;;;1
27/03/2021;22:08:41;324;ac03 - Acidente com vítima ilesa;626,6;BR-365/MG;Oeste;Tombamento;1;1;;;;;1
01/04/2021;18:19:47;297;ac03 - Acidente com vítima ilesa;704,35;BR-365/MG;Leste;Colisão Traseira;1;2;;;;;1
03/04/2021;06:25:52;18;ac02 - Acidente com vítima;773;BR-365/MG;Oeste;Colisão Transversal;1;3;1;1;;;2
04/04/2021;13:42:19;103;ac02 - Acidente com vítima;83,4;BR-364/GO;Leste;Colisão lateral no mesmo sentido;1;1;;1;;;2
06/04/2021;14:52:14;223;ac03 - Acidente com vítima ilesa;147,5;BR-364/GO;Oeste;Choque - Sinalização;1;1;;;;;1
06/04/2021;15:11:28;233;ac02 - Acidente com vítima;154,5;BR-364/GO;Oeste;Tombamento;1;0;1;;;;1
10/04/2021;14:33:41;214;ac03 - Acidente com vítima ilesa;659;BR-365/MG;Leste;Choque - Veiculo parado no acostamento;1;2;;;;;1
12/04/2021;19:07:58;311;ac03 - Acidente com vítima ilesa;729;BR-365/MG;Leste;Choque - Elemento de Drenagem;1;1;;;;;1
13/04/2021;06:40:45;40;ac03 - Acidente com vítima ilesa;627,3;BR-365/MG;Oeste;Tombamento;1;1;;;;;1
17/04/2021;22:38:05;339;ac02 - Acidente com vítima;4;BR-364/GO;Oeste;Colisão Traseira;1;1;2;;;;1
18/04/2021;20:19:57;305;ac02 - Acidente com vítima;96,5;BR-364/GO;Oeste;Colisão lateral no sentido contrário;1;1;;;1;;2
22/04/2021;17:45:17;354;ac02 - Acidente com vítima;673,5;BR-365/MG;Oeste;Atropelamento de Animal;1;2;1;;;;1
23/04/2021;21:41:56;392;ac02 - Acidente com vítima;719,2;BR-365/MG;Oeste;Colisão lateral no mesmo sentido;1;0;1;;;;1
26/04/2021;04:47:30;35;ac03 - Acidente com vítima ilesa;689,4;BR-365/MG;Leste;Atropelamento de Animal;1;1;;;;;1
27/04/2021;15:27:37;269;ac02 - Acidente com vítima;794;BR-365/MG;Leste;Engavetamento;1;1;1;;;;1
29/04/2021;19:03:41;354;ac01 - Acidente com vitima fatal;719;BR-365/MG;Oeste;Colisão Traseira;1;1;;;;2;3
30/04/2021;14:02:57;245;ac02 - Acidente com vítima;630;BR-365/MG;Oeste;Colisão lateral no mesmo sentido;1;2;2;;;;1
02/05/2021;14:27:58;143;ac02 - Acidente com vítima;91,1;BR-364/GO;Leste;Tombamento;1;0;;1;;;2
05/05/2021;08:47:58;79;ac03 - Acidente com vítima ilesa;168,4;BR-364/GO;Leste;Colisão Traseira;2;3;;;;;1
07/05/2021;16:40:44;254;ac03 - Acidente com vítima ilesa;81,8;BR-364/GO;Oeste;Tombamento;1;1;;;;;1
08/05/2021;07:06:07;40;ac03 - Acidente com vítima ilesa;637,62;BR-365/MG;Oeste;Colisão Traseira;1;5;;;;;1
09/05/2021;13:32:28;152;ac02 - Acidente com vítima;154;BR-364/GO;Leste;Tombamento;1;0;1;;;;1
09/05/2021;22:11:57;303;ac02 - Acidente com vítima;764,2;BR-365/MG;Oeste;Colisão lateral no mesmo sentido;1;0;1;;;;1
09/05/2021;22:27:37;306;ac02 - Acidente com vítima;637;BR-365/MG;Oeste;Colisão Traseira;1;1;;1;;;2
13/05/2021;15:29:50;241;ac02 - Acidente com vítima;139,7;BR-364/GO;Leste;Tombamento;1;0;2;;;;1
13/05/2021;20:49:58;341;ac03 - Acidente com vítima ilesa;21;BR-364/GO;Leste;Colisão lateral no mesmo sentido;1;1;;;;;1
14/05/2021;17:12:21;259;ac02 - Acidente com vítima;160,3;BR-364/GO;Leste;Colisão Transversal;1;2;;1;;;2
14/05/2021;18:52:33;292;ac02 - Acidente com vítima;639;BR-365/MG;Oeste;Capotamento;1;3;1;;;;1
16/05/2021;06:58:44;27;ac02 - Acidente com vítima;626,6;BR-365/MG;Leste;Colisão Transversal;1;1;1;;;;1
17/05/2021;23:36:23;365;ac02 - Acidente com vítima;706;BR-365/MG;Oeste;Tombamento;1;0;1;;;;1
18/05/2021;03:41:47;19;ac03 - Acidente com vítima ilesa;708;BR-365/MG;Leste;Tombamento;1;0;;;;;1
20/05/2021;22:27:38;394;ac02 - Acidente com vítima;706;BR-365/MG;Oeste;Colisão lateral no mesmo sentido;2;1;1;;;;1
24/05/2021;10:20:50;125;ac02 - Acidente com vítima;89,09;BR-364/GO;Leste;Colisão Transversal;2;1;1;;;;1
26/05/2021;12:34:28;175;ac02 - Acidente com vítima;811;BR-365/MG;Leste;Choque - Meio fio;1;0;1;;;;1
26/05/2021;17:33:59;273;ac02 - Acidente com vítima;751;BR-365/MG;Oeste;Colisão lateral no mesmo sentido;1;2;1;;;;1
30/05/2021;20:58:57;276;ac02 - Acidente com vítima;706,5;BR-365/MG;Leste;Choque - Elemento de Drenagem;1;0;1;;1;;2
01/06/2021;05:34:14;30;ac02 - Acidente com vítima;787,9;BR-365/MG;Oeste;Tombamento;1;0;;;1;;2
02/06/2021;15:22:45;204;ac03 - Acidente com vítima ilesa;160;BR-364/GO;Leste;Choque - Meio fio;1;1;;;;;1
10/06/2021;14:15:54;161;ac02 - Acidente com vítima;697,55;BR-365/MG;Oeste;Tombamento;1;1;;1;;;2
11/06/2021;14:38:13;175;ac03 - Acidente com vítima ilesa;704,35;BR-365/MG;Oeste;Choque - Elemento de Drenagem;1;1;;;;;1
16/06/2021;07:15:25;33;ac02 - Acidente com vítima;832,6;BR-365/MG;Leste;Colisão Traseira;1;1;1;;;;1