data;horario;n_da_ocorrencia;tipo_de_ocorrencia;km;trecho;sentido;tipo_de_acidente;caminhao;ilesos;levemente_feridos;moderadamente_feridos;gravemente_feridos;mortos;3
17/06/2021;15:36:40;212;ac02 - Acidente com vítima;707,38;BR-365/MG;Oeste;Colisão Traseira;1;16;;1;;;2
19/06/2021;05:25:28;33;ac03 - Acidente com vítima ilesa;49,6;BR-364/GO;Leste;Atropelamento de Animal;1;2;;;;;1
20/06/2021;19:53:22;237;ac02 - Acidente com vítima;9,4;BR-364/GO;Leste;Colisão Frontal;1;1;;;1;;2
23/06/2021;09:28:11;105;ac03 - Acidente com vítima ilesa;681;BR-365/MG;Leste;Colisão Traseira;1;3;;;;;1
23/06/2021;14:37:01;228;ac02 - Acidente com vítima;753;BR-365/MG;Leste;Colisão Traseira;1;1;1;;;;1
27/06/2021;02:57:39;11;ac02 - Acidente com vítima;649;BR-365/MG;Oeste;Tombamento;1;0;2;;;;1
02/07/2021;16:22:21;265;ac03 - Acidente com vítima ilesa;182;BR-364/GO;Oeste;Colisão Traseira;1;1;;;;;1
09/07/2021;03:31:20;11;ac03 - Acidente com vítima ilesa;706;BR-365/MG;Oeste;Colisão Transversal;2;2;;;;;1
12/07/2021;20:20:13;331;ac03 - Acidente com vítima ilesa;730,5;BR-365/MG;Oeste;Tombamento;1;1;;;;;1
13/07/2021;13:33:40;171;ac03 - Acidente com vítima ilesa;786,8;BR-365/MG;Leste;Colisão Traseira;2;3;;;;;1
15/07/2021;00:18:43;3;ac03 - Acidente com vítima ilesa;687;BR-365/MG;Oeste;Choque - Defensa metálica;1;1;;;;;1
16/07/2021;12:39:59;199;ac03 - Acidente com vítima ilesa;785,5;BR-365/MG;Leste;Colisão lateral no mesmo sentido;1;2;;;;;1
16/07/2021;13:08:36;212;ac02 - Acidente com vítima;660,05;BR-365/MG;Oeste;Choque - Sinalização;1;0;1;;;;1
17/07/2021;18:43:41;308;ac02 - Acidente com vítima;767,9;BR-365/MG;Oeste;Colisão Transversal;1;1;;1;;;2
20/07/2021;17:20:06;256;ac01 - Acidente com vitima fatal;116,3;BR-364/GO;Leste;Colisão Frontal;1;1;;;;1;3
21/07/2021;12:29:36;170;ac02 - Acidente com vítima;647;BR-365/MG;Oeste;Colisão lateral no mesmo sentido;2;1;1;;;;1
23/07/2021;19:51:41;316;ac03 - Acidente com vítima ilesa;6;BR-364/GO;Oeste;Choque - Sinalização;1;1;;;;;1
25/07/2021;15:42:00;166;ac03 - Acidente com vítima ilesa;93,12;BR-364/GO;Leste;Colisão Traseira;2;2;;;;;1
27/07/2021;09:36:50;121;ac03 - Acidente com vítima ilesa;784,2;BR-365/MG;Leste;Tombamento;1;1;;;;;1
27/07/2021;19:21:29;290;ac01 - Acidente com vitima fatal;78;BR-364/GO;Leste;Colisão Frontal;1;2;;;1;1;3
29/07/2021;23:21:32;330;ac02 - Acidente com vítima;643;BR-365/MG;Oeste;Colisão Traseira;1;1;1;;;;1
02/08/2021;03:07:25;14;ac03 - Acidente com vítima ilesa;753,5;BR-365/MG;Leste;Choque - Defensa metálica;1;2;;;;;1
03/08/2021;16:33:52;210;ac03 - Acidente com vítima ilesa;706;BR-365/MG;Leste;Colisão lateral no mesmo sentido;1;4;;;;;1
04/08/2021;07:55:08;79;ac03 - Acidente com vítima ilesa;160,1;BR-364/GO;Leste;Colisão Traseira;1;2;;;;;1
04/08/2021;11:57:24;160;ac02 - Acidente com vítima;53,59;BR-364/GO;Leste;Colisão lateral no mesmo sentido;1;0;;1;;;2
05/08/2021;07:28:47;50;ac02 - Acidente com vítima;685,75;BR-365/MG;Leste;Tombamento;1;0;1;;;;1
05/08/2021;07:43:05;53;ac02 - Acidente com vítima;626,7;BR-365/MG;Leste;Colisão lateral no mesmo sentido;1;2;1;;;;1
06/08/2021;00:14:11;2;ac02 - Acidente com vítima;27,5;BR-364/GO;Oeste;Colisão lateral no sentido contrário;1;0;1;;;;1
06/08/2021;18:42:18;286;ac01 - Acidente com vitima fatal;793,8;BR-365/MG;Leste;Colisão Traseira;1;2;;;;2;3
11/08/2021;05:22:43;33;ac03 - Acidente com vítima ilesa;634;BR-365/MG;Leste;Colisão lateral no mesmo sentido;2;2;;;;;1
12/08/2021;02:29:35;14;ac02 - Acidente com vítima;706;BR-365/MG;Leste;Tombamento;1;0;2;;;;1
14/08/2021;23:48:19;350;ac03 - Acidente com vítima ilesa;129,5;BR-364/GO;Oeste;Atropelamento de Animal;1;1;;;;;1
23/08/2021;14:49:58;211;ac02 - Acidente com vítima;870;BR-365/MG;Leste;Colisão Frontal;2;1;1;;;;1
30/08/2021;09:14:33;80;ac03 - Acidente com vítima ilesa;704,4;BR-365/MG;Leste;Colisão Traseira;1;3;;;;;1
30/08/2021;11:45:24;145;ac02 - Acidente com vítima;706;BR-365/MG;Oeste;Tombamento;1;0;;1;;;2
01/09/2021;17:58:47;269;ac03 - Acidente com vítima ilesa;88,95;BR-364/GO;Leste;Colisão Transversal;1;3;;;;;1
02/09/2021;20:32:12;291;ac02 - Acidente com vítima;89;BR-364/GO;Leste;Colisão Transversal;1;3;;1;;;2
02/09/2021;22:29:18;318;ac02 - Acidente com vítima;657,7;BR-365/MG;Oeste;Colisão lateral no mesmo sentido;1;1;1;;;;1
04/09/2021;02:12:07;16;ac03 - Acidente com vítima ilesa;827,4;BR-365/MG;Leste;Tombamento;1;1;;;;;1
04/09/2021;03:25:50;28;ac02 - Acidente com vítima;706;BR-365/MG;Oeste;Tombamento;1;1;1;;;;1
04/09/2021;06:21:17;45;ac03 - Acidente com vítima ilesa;633;BR-365/MG;Leste;Colisão Traseira;1;2;;;;;1
08/09/2021;21:35:56;337;ac02 - Acidente com vítima;19;BR-364/GO;Leste;Choque - Talude ou Barranco;1;0;3;;;;1
10/09/2021;15:51:12;207;ac03 - Acidente com vítima ilesa;729,7;BR-365/MG;Leste;Choque - Elemento de Drenagem;1;2;;;;;1
10/09/2021;16:20:43;216;ac03 - Acidente com vítima ilesa;704,35;BR-365/MG;Leste;Choque na praça ? submarino;1;1;;;;;1
13/09/2021;15:55:43;241;ac02 - Acidente com vítima;664,75;BR-365/MG;Oeste;Colisão Traseira;2;1;;;1;;2
14/09/2021;14:21:26;191;ac03 - Acidente com vítima ilesa;67,65;BR-364/GO;Leste;Tombamento;1;2;;;;;1
14/09/2021;16:10:04;223;ac03 - Acidente com vítima ilesa;706;BR-365/MG;Leste;Choque - Elemento de Drenagem;1;1;;;;;1
14/09/2021;16:23:06;227;ac03 - Acidente com vítima ilesa;706;BR-365/MG;Leste;Choque - Sinalização;1;0;;;;;1
16/09/2021;21:00:57;392;ac03 - Acidente com vítima ilesa;16;BR-364/GO;Leste;Colisão lateral no mesmo sentido;1;3;;;;;1
17/09/2021;10:08:16;166;ac01 - Acidente com vitima fatal;670;BR-365/MG;Oeste;Engavetamento;7;7;;5;1;1;3
23/09/2021;13:53:20;227;ac03 - Acidente com vítima ilesa;649,8;BR-365/MG;Oeste;Tombamento;1;1;;;;;1
23/09/2021;16:42:10;273;ac03 - Acidente com vítima ilesa;5;BR-364/GO;Leste;Colisão Traseira;2;2;;;;;1
05/10/2021;23:26:17;372;ac03 - Acidente com vítima ilesa;120;BR-364/GO;Oeste;Tombamento;1;1;;;;;1
06/10/2021;21:36:40;387;ac02 - Acidente com vítima;147;BR-364/GO;Leste;Choque - New jersey;1;0;1;;;;1
07/10/2021;13:14:14;216;ac03 - Acidente com vítima ilesa;779,6;BR-365/MG;Oeste;Colisão Traseira;1;2;;;;;1
12/10/2021;19:44:53;259;ac02 - Acidente com vítima;706,5;BR-365/MG;Leste;Atropelamento - Pedestre;1;0;;;1;;2
14/10/2021;21:25:06;256;ac03 - Acidente com vítima ilesa;710;BR-365/MG;Leste;Colisão lateral no mesmo sentido;2;1;;;;;1
16/10/2021;05:04:05;22;ac03 - Acidente com vítima ilesa;100,5;BR-364/GO;Leste;Atropelamento de Animal;1;3;;;;;1
18/10/2021;12:54:36;183;ac03 - Acidente com vítima ilesa;706,5;BR-365/MG;Oeste;Colisão Traseira;2;2;;;;;1
19/10/2021;16:26:17;240;ac03 - Acidente com vítima ilesa;709,5;BR-365/MG;Oeste;Colisão lateral no sentido contrário;1;2;;;;;1
23/10/2021;11:46:30;153;ac03 - Acidente com vítima ilesa;650;BR-365/MG;Oeste;Tombamento;1;1;;;;;1
24/10/2021;05:52:13;37;ac02 - Acidente com vítima;661,6;BR-365/MG;Leste;Choque - Sinalização;1;0;1;;;;1
25/10/2021;11:07:59;136;ac03 - Acidente com vítima ilesa;749,9;BR-365/MG;Oeste;Tombamento;1;1;;;;;1
28/10/2021;13:33:57;193;ac03 - Acidente com vítima ilesa;649,5;BR-365/MG;Oeste;Engavetamento;2;5;;;;;1
30/10/2021;14:05:41;198;ac02 - Acidente com vítima;156,55;BR-364/GO;Leste;Engavetamento;1;3;1;;;;1
31/10/2021;14:53:20;177;ac01 - Acidente com vitima fatal;727,007;BR-365/MG;Leste;Colisão Frontal;1;1;;;;5;3
31/10/2021;15:28:05;182;ac03 - Acidente com vítima ilesa;725,5;BR-365/MG;Oeste;Colisão Traseira;1;2;;;;;1
10/11/2021;13:01:00;182;Sem vítima;40,400;BR-364/MG;Crescente;Choque;1;1;0;0;0;0;1
13/11/2021;16:51:00;250;Sem vítima;765,980;BR-365/MG;Decrescente;Colisão traseira;1;3;0;0;0;0;1
14/11/2021;11:13:00;121;Sem vítima;166,650;BR-364/MG;Crescente;Colisão lateral no mesmo sentido;2;4;0;0;0;0;1
24/11/2021;15:39:00;272;Com vítima;718,300;BR-365/MG;Decrescente;Tombamento;1;1;1;0;0;0;1
24/11/2021;16:05:00;281;Sem vítima;186,630;BR-364/MG;Crescente;Tombamento;1;1;0;0;0;0;1
25/11/2021;13:50:00;233;Sem vítima;32,950;BR-364/MG;Crescente;Choque;1;1;0;0;0;0;1
25/11/2021;19:24:00;348;Sem vítima;651,800;BR-365/MG;Crescente;Choque;1;1;0;0;0;0;1
27/11/2021;05:38:00;33;Sem vítima;706,000;BR-365/MG;Crescente;Colisão traseira;1;2;0;0;0;0;1
28/11/2021;05:29:00;30;Sem vítima;787,500;BR-365/MG;Decrescente;Choque;1;1;0;0;0;0;1
07/12/2021;08:13:00;70;Com vítima;182,220;BR-364/MG;Decrescente;Tombamento;1;0;1;0;0;0;1
11/12/2021;09:20:00;92;Sem vítima;627,070;BR-365/MG;Crescente;Colisão traseira;1;2;0;0;0;0;1
12/12/2021;22:51:00;271;Sem vítima;706,000;BR-365/MG;Crescente;Tombamento;1;1;0;0;0;0;1
14/12/2021;08:25:00;72;Sem vítima;171,540;BR-364/MG;Crescente;Colisão traseira;1;2;0;0;0;0;1
14/12/2021;12:08:00;158;Sem vítima;136,600;BR-364/MG;Decrescente;Colisão traseira;2;2;0;0;0;0;1
16/12/2021;00:09:00;1;Sem vítima;659,000;BR-365/MG;Decrescente;Choque;1;1;0;0;0;0;1
23/12/2021;03:22:00;21;Sem vítima;684,000;BR-365/MG;Decrescente;Colisão traseira;1;1;0;0;0;0;1
28/12/2021;10:47:00;137;Sem vítima;645,400;BR-365/MG;Decrescente;Choque;1;1;0;0;0;0;1
07/01/2022;03:48:00;12;Com vítima;739,400;BR-365/MG;Decrescente;Choque;1;0;1;0;0;0;1
12/01/2022;16:52:00;286;Sem vítima;20,000;BR-364/MG;Decrescente;Choque;1;1;0;0;0;0;1
19/01/2022;10:06:00;123;Com vítima;689,000;BR-365/MG;Decrescente;Colisão traseira;1;1;0;0;1;0;2
22/01/2022;23:07:00;295;Sem vítima;751,000;BR-365/MG;Decrescente;Choque;1;1;0;0;0;0;1
26/01/2022;10:52:00;135;Com vítima;160,180;BR-364/MG;Decrescente;Colisão traseira;1;3;1;0;0;0;1
30/01/2022;23:31:00;285;Sem vítima;726,800;BR-365/MG;Crescente;Capotamento;1;1;0;0;0;0;1
02/02/2022;11:37:00;156;Com vítima;750,800;BR-365/MG;Crescente;Engavetamento;1;1;0;1;0;0;2
03/02/2022;06:51:00;49;Sem vítima;673,000;BR-365/MG;Decrescente;Choque;1;1;0;0;0;0;1
08/02/2022;08:08:00;50;Sem vítima;736,750;BR-365/MG;Crescente;Engavetamento;1;4;0;0;0;0;1
09/02/2022;13:31:00;249;Sem vítima;764,000;BR-365/MG;Crescente;Choque;1;1;0;0;0;0;1
14/02/2022;11:44:00;170;Sem vítima;156,550;BR-364/MG;Crescente;Colisão traseira;1;3;0;0;0;0;1
15/02/2022;15:23:00;247;Sem vítima;179,850;BR-364/MG;Crescente;Colisão traseira;1;2;0;0;0;0;1
18/02/2022;13:05:00;210;Sem vítima;752,940;BR-365/MG;Decrescente;Colisão frontal;1;3;0;0;0;0;1
18/02/2022;16:54:00;299;Sem vítima;751,000;BR-365/MG;Decrescente;Colisão traseira;1;3;0;0;0;0;1
21/02/2022;19:38:00;348;Com vítima;735,000;BR-365/MG;Crescente;Colisão traseira;1;1;1;0;0;0;1
24/02/2022;09:30:00;109;Com vítima;706,700;BR-365/MG;Decrescente;Tombamento;1;0;1;0;0;0;1
28/02/2022;01:26:00;14;Sem vítima;706,000;BR-365/MG;Decrescente;Choque;1;2;0;0;0;0;1
02/03/2022;16:39:00;287;Com vítima;152,000;BR-364/MG;Crescente;Colisão traseira;1;2;0;4;0;0;2
08/03/2022;03:15:00;25;Sem vítima;688,000;BR-365/MG;Crescente;Atropelamento de animal;1;1;0;0;0;0;1
12/03/2022;03:15:00;24;Sem vítima;706,000;BR-365/MG;Crescente;Choque;1;2;0;0;0;0;1
16/03/2022;17:16:00;247;Com vítima;20,050;BR-364/MG;Crescente;Colisão lateral no mesmo sentido;2;1;1;0;0;0;1
18/03/2022;15:39:00;235;Com vítima;655,600;BR-365/MG;Decrescente;Engavetamento;1;3;4;0;0;0;1
18/03/2022;19:20:00;297;Sem vítima;645,000;BR-365/MG;Decrescente;Colisão traseira;1;2;0;0;0;0;1
25/03/2022;01:59:00;15;Com vítima;650,470;BR-365/MG;Crescente;Choque;1;0;1;0;0;0;1
29/03/2022;08:33:00;85;Sem vítima;706,000;BR-365/MG;Crescente;Tombamento;1;1;0;0;0;0;1
31/03/2022;11:44:00;134;Sem vítima;126,300;BR-364/MG;Crescente;Colisão traseira;1;2;0;0;0;0;1
01/04/2022;10:42:00;132;Sem vítima;706,000;BR-365/MG;Decrescente;Colisão lateral no mesmo sentido;1;3;0;0;0;0;1
04/04/2022;08:55:00;83;Sem vítima;53,850;BR-364/MG;Crescente;Colisão transversal;1;3;0;0;0;0;1
12/04/2022;11:54:00;197;Sem vítima;827,210;BR-365/MG;Decrescente;Choque;1;1;0;0;0;0;1
21/04/2022;11:46:00;180;Sem vítima;667,300;BR-365/MG;Crescente;Colisão traseira;1;3;0;0;0;0;1
29/04/2022;23:04:00;412;Sem vítima;113,070;BR-364/MG;Crescente;Colisão transversal;1;2;0;0;0;0;1
04/05/2022;10:05:00;101;Sem vítima;645,500;BR-365/MG;Crescente;Colisão traseira;1;2;0;0;0;0;1
04/05/2022;13:32:00;157;Sem vítima;644,810;BR-365/MG;Decrescente;Choque;1;1;0;0;0;0;1
05/05/2022;16:24:00;259;Sem vítima;720,200;BR-365/MG;Crescente;Colisão traseira;1;2;0;0;0;0;1
15/05/2022;18:10:00;204;Sem vítima;706,000;BR-365/MG;Crescente;Tombamento;1;1;0;0;0;0;1
25/05/2022;19:42:00;274;Com vítima;183,000;BR-364/MG;Crescente;Colisão lateral no mesmo sentido;1;1;1;0;0;0;1
30/05/2022;18:57:00;277;Sem vítima;645,600;BR-365/MG;Crescente;Choque;1;1;0;0;0;0;1
05/06/2022;19:32:00;240;Sem vítima;77,600;BR-364/MG;Decrescente;Colisão transversal;1;0;0;0;0;0;1
23/06/2022;13:45:00;203;Sem vítima;675,800;BR-365/MG;Decrescente;Choque;2;4;0;0;0;0;1
23/06/2022;19:41:00;320;Com vítima;89,000;BR-364/MG;Decrescente;Colisão transversal;1;1;0;2;0;0;2
30/06/2022;17:14:00;238;Sem vítima;631,599;BR-365/MG;Decrescente;Engavetamento;1;3;0;0;0;0;1
08/07/2022;21:06:00;300;Sem vítima;645,600;BR-365/MG;Decrescente;Colisão lateral no mesmo sentido;1;4;0;0;0;0;1
13/07/2022;08:18:00;49;Com vítima;745,550;BR-365/MG;Decrescente;Engavetamento;2;5;5;0;0;0;1
14/07/2022;14:14:00;194;Sem vítima;651,000;BR-365/MG;Decrescente;Colisão lateral no mesmo sentido;1;3;0;0;0;0;1
18/07/2022;14:58:00;207;Sem vítima;645,600;BR-365/MG;Crescente;Colisão traseira;1;2;0;0;0;0;1
20/07/2022;08:22:00;66;Sem vítima;153,098;BR-364/MG;Decrescente;Colisão traseira;2;2;0;0;0;0;1
03/08/2022;06:16:00;37;Com vítima;668,300;BR-365/MG;Decrescente;Colisão traseira;1;1;1;0;0;0;1
10/08/2022;12:20:00;137;Sem vítima;704,350;BR-365/MG;Crescente;Colisão traseira;1;2;0;0;0;0;1
10/08/2022;16:52:00;204;Sem vítima;765,980;BR-365/MG;Decrescente;Choque;1;2;0;0;0;0;1
12/08/2022;01:16:00;8;Com vítima;706,700;BR-365/MG;Decrescente;Tombamento;1;0;1;0;0;0;1
21/08/2022;20:19:00;290;Sem vítima;689,900;BR-365/MG;Decrescente;Choque;1;2;0;0;0;0;1
24/08/2022;20:44:00;307;Com vítima;794,930;BR-365/MG;Decrescente;Atropelamento de animal;1;0;1;0;0;0;1
26/08/2022;03:34:00;23;Com vítima;91,500;BR-364/MG;Crescente;Tombamento;1;0;0;1;0;0;2
13/09/2022;13:04:00;208;Com vítima;677,900;BR-365/MG;Crescente;Choque;1;0;1;0;0;0;1
22/09/2022;07:46:00;79;Com vítima;739,600;BR-365/MG;Crescente;Colisão traseira;1;0;4;0;0;0;1
23/09/2022;23:28:00;347;Com vítima;681,000;BR-365/MG;Crescente;Colisão traseira;1;1;0;1;0;0;2
27/09/2022;12:09:00;165;Sem vítima;701,000;BR-365/MG;Decrescente;Choque;1;1;0;0;0;0;1
27/09/2022;13:22:00;188;Com vítima;756,900;BR-365/MG;Decrescente;Tombamento;1;1;1;0;0;0;1
27/09/2022;19:42:00;303;Sem vítima;670,000;BR-365/MG;Decrescente;Acidentes de outra natureza;1;2;0;0;0;0;1
06/10/2022;10:18:00;144;Sem vítima;83,700;BR-364/MG;Crescente;Colisão lateral no mesmo sentido;1;3;0;0;0;0;1
07/10/2022;21:16:00;345;Sem vítima;705,600;BR-365/MG;Crescente;Colisão traseira;1;1;0;0;0;0;1
09/10/2022;20:43:00;304;Sem vítima;123,330;BR-364/MG;Crescente;Colisão lateral no mesmo sentido;1;1;0;0;0;0;1
11/10/2022;21:10:00;355;Sem vítima;706,500;BR-365/MG;Crescente;Colisão lateral no mesmo sentido;1;6;0;0;0;0;1
16/10/2022;03:43:00;28;Sem vítima;706,500;BR-365/MG;Crescente;Tombamento;1;1;0;0;0;0;1
20/10/2022;15:53:00;298;Com vítima;737,570;BR-365/MG;Decrescente;Colisão frontal;1;5;1;0;0;0;1
21/10/2022;04:23:00;20;Com vítima;706,500;BR-365/MG;Crescente;Colisão transversal;1;1;0;0;0;1;3
22/10/2022;02:32:00;26;Sem vítima;689,420;BR-365/MG;Decrescente;Choque;1;1;0;0;0;0;1
29/10/2022;08:06:00;71;Sem vítima;642,920;BR-365/MG;Crescente;Choque;1;3;0;0;0;0;1
31/10/2022;10:03:00;133;Sem vítima;742,000;BR-365/MG;Crescente;Colisão traseira;1;4;0;0;0;0;1
15/11/2022;12:04:00;171;Sem vítima;704,400;BR-365/MG;Decrescente;Colisão traseira;1;3;0;0;0;0;1
29/11/2022;17:07:00;256;Sem vítima;706,770;BR-365/MG;Crescente;Colisão traseira;1;0;0;0;0;0;1
29/11/2022;21:59:00;321;Com vítima;635,000;BR-365/MG;Decrescente;Colisão traseira;1;0;0;0;1;0;2
12/12/2022;11:37:00;214;Com vítima;657,680;BR-365/MG;Crescente;Engavetamento;2;2;0;1;0;0;2
19/12/2022;09:05:00;121;Sem vítima;1,000;BR-364/MG;Crescente;Choque;1;2;0;0;0;0;1
22/12/2022;12:29:00;256;Sem vítima;648,000;BR-365/MG;Crescente;Colisão lateral em sentido contrário;1;2;0;0;0;0;1
23/12/2022;13:30:00;217;Sem vítima;704,350;BR-365/MG;Decrescente;Colisão traseira;1;0;0;0;0;0;1
24/12/2022;07:00:00;71;Sem vítima;43,500;BR-364/MG;Crescente;Choque;1;2;0;0;0;0;1
04/01/2023;14:38:00;221;Sem vítima;867,000;BR-365/MG;Decrescente;Colisão lateral no mesmo sentido;1;2;0;0;0;0;1